<?xml version="1.0" encoding="UTF-8"?>
<!DOCTYPE mapper
        PUBLIC "-//mybatis.org//DTD Mapper 3.0//EN"
        "http://mybatis.org/dtd/mybatis-3-mapper.dtd">
<mapper namespace="com.hwadee.xnfz.mapper.CourseMapper">

    <resultMap id="BaseResultMap" type="com.hwadee.xnfz.entity.Course">
            <id property="courseId" column="course_id" jdbcType="INTEGER"/>
            <result property="number" column="number" jdbcType="VARCHAR"/>
            <result property="name" column="name" jdbcType="VARCHAR"/>
            <result property="intro" column="intro" jdbcType="VARCHAR"/>
            <result property="credit" column="credit" jdbcType="INTEGER"/>
            <result property="period" column="period" jdbcType="INTEGER"/>
            <result property="teachername" column="teacherName" jdbcType="VARCHAR"/>
            <result property="outline" column="outline" jdbcType="VARCHAR"/>
            <result property="resource" column="resource" jdbcType="VARCHAR"/>
            <result property="state" column="state" jdbcType="INTEGER"/>
            <result property="createTime" column="create_time" jdbcType="TIMESTAMP"/>
            <result property="updateTime" column="update_time" jdbcType="TIMESTAMP"/>
    </resultMap>

    <sql id="Base_Column_List">
        course_id,number,name,
        intro,credit,period,
        teacherName,outline,resource,
        state,create_time,update_time
    </sql>
</mapper>
