<?xml version="1.0" encoding="UTF-8"?>
<!DOCTYPE mapper
        PUBLIC "-//mybatis.org//DTD Mapper 3.0//EN"
        "http://mybatis.org/dtd/mybatis-3-mapper.dtd">
<mapper namespace="com.hwadee.xnfz.mapper.DictionaryMapper">

    <resultMap id="BaseResultMap" type="com.hwadee.xnfz.entity.Dictionary">
            <id property="dictionaryId" column="dictionary_id" jdbcType="INTEGER"/>
            <result property="name" column="name" jdbcType="VARCHAR"/>
            <result property="code" column="code" jdbcType="INTEGER"/>
            <result property="isranked" column="isRanked" jdbcType="INTEGER"/>
            <result property="type" column="type" jdbcType="VARCHAR"/>
            <result property="remark" column="remark" jdbcType="VARCHAR"/>
            <result property="createTime" column="create_time" jdbcType="TIMESTAMP"/>
            <result property="updateTime" column="update_time" jdbcType="TIMESTAMP"/>
    </resultMap>

    <sql id="Base_Column_List">
        dictionary_id,name,code,
        isRanked,type,remark,
        create_time,update_time
    </sql>
</mapper>
