<?xml version="1.0" encoding="UTF-8"?>
<!DOCTYPE mapper
        PUBLIC "-//mybatis.org//DTD Mapper 3.0//EN"
        "http://mybatis.org/dtd/mybatis-3-mapper.dtd">
<mapper namespace="com.hwadee.xnfz.mapper.SimulationEquipmentMapper">

    <resultMap id="BaseResultMap" type="com.hwadee.xnfz.entity.SimulationEquipment">
            <id property="simulationEquipmentId" column="simulation_equipment_id" jdbcType="INTEGER"/>
            <result property="number" column="number" jdbcType="VARCHAR"/>
            <result property="name" column="name" jdbcType="VARCHAR"/>
            <result property="type" column="type" jdbcType="INTEGER"/>
            <result property="softwareSystem" column="software_system" jdbcType="VARCHAR"/>
            <result property="version" column="version" jdbcType="VARCHAR"/>
            <result property="supplier" column="supplier" jdbcType="VARCHAR"/>
            <result property="purpose" column="purpose" jdbcType="VARCHAR"/>
            <result property="status" column="status" jdbcType="INTEGER"/>
            <result property="thumbnail" column="thumbnail" jdbcType="VARCHAR"/>
            <result property="createTime" column="create_time" jdbcType="TIMESTAMP"/>
            <result property="updateTime" column="update_time" jdbcType="TIMESTAMP"/>
            <result property="deleted" column="deleted" jdbcType="INTEGER"/>
    </resultMap>

    <sql id="Base_Column_List">
        simulation_equipment_id,number,name,
        type,software_system,version,
        supplier,purpose,status,
        thumbnail,create_time,update_time,
        deleted
    </sql>
</mapper>
