<?xml version="1.0" encoding="UTF-8"?>
<!DOCTYPE mapper
        PUBLIC "-//mybatis.org//DTD Mapper 3.0//EN"
        "http://mybatis.org/dtd/mybatis-3-mapper.dtd">
<mapper namespace="com.hwadee.xnfz.mapper.UserRoleMapper">

    <resultMap id="BaseResultMap" type="com.hwadee.xnfz.entity.UserRole">
            <id property="roleId" column="role_id" jdbcType="INTEGER"/>
            <id property="userId" column="user_id" jdbcType="INTEGER"/>
    </resultMap>

    <sql id="Base_Column_List">
        role_id,user_id
    </sql>

    <select id="selectByPrimaryKey" parameterType="java.lang.Long" resultMap="BaseResultMap">
        select
        <include refid="Base_Column_List" />
        from user_role
        where  role_id = #{roleId,jdbcType=INTEGER} AND user_id = #{userId,jdbcType=INTEGER} 
    </select>

    <delete id="deleteByPrimaryKey" parameterType="java.lang.Long">
        delete from user_role
        where  role_id = #{roleId,jdbcType=INTEGER} AND user_id = #{userId,jdbcType=INTEGER} 
    </delete>
    <insert id="insert">
        insert into user_role
        ( role_id,user_id)
        values (#{roleId,jdbcType=INTEGER},#{userId,jdbcType=INTEGER})
    </insert>
    <insert id="insertSelective">
        insert into user_role
        <trim prefix="(" suffix=")" suffixOverrides=",">
                <if test="roleId != null">role_id,</if>
                <if test="userId != null">user_id,</if>
        </trim>
        <trim prefix="values (" suffix=")" suffixOverrides=",">
                <if test="roleId != null">#{roleId,jdbcType=INTEGER},</if>
                <if test="userId != null">#{userId,jdbcType=INTEGER},</if>
        </trim>
    </insert>
    <update id="updateByPrimaryKeySelective" parameterType="com.hwadee.xnfz.entity.UserRole">
        update user_role
        <set>
        </set>
        where   role_id = #{roleId,jdbcType=INTEGER} AND user_id = #{userId,jdbcType=INTEGER} 
    </update>
    <update id="updateByPrimaryKey" parameterType="com.hwadee.xnfz.entity.UserRole">
        update user_role
        set 
        where   role_id = #{roleId,jdbcType=INTEGER} AND user_id = #{userId,jdbcType=INTEGER} 
    </update>
</mapper>
