<?xml version="1.0" encoding="UTF-8"?>
<!DOCTYPE mapper
        PUBLIC "-//mybatis.org//DTD Mapper 3.0//EN"
        "http://mybatis.org/dtd/mybatis-3-mapper.dtd">
<mapper namespace="com.hwadee.xnfz.mapper.UserMapper">

    <resultMap id="BaseResultMap" type="com.hwadee.xnfz.entity.User">
            <id property="userId" column="user_id" jdbcType="INTEGER"/>
            <result property="account" column="account" jdbcType="VARCHAR"/>
            <result property="password" column="password" jdbcType="VARCHAR"/>
            <result property="username" column="username" jdbcType="VARCHAR"/>
            <result property="gender" column="gender" jdbcType="INTEGER"/>
            <result property="phone" column="phone" jdbcType="VARCHAR"/>
            <result property="email" column="email" jdbcType="VARCHAR"/>
            <result property="createTime" column="create_time" jdbcType="TIMESTAMP"/>
            <result property="updateTime" column="update_time" jdbcType="TIMESTAMP"/>
            <result property="type" column="type" jdbcType="INTEGER"/>
            <result property="number" column="number" jdbcType="VARCHAR"/>
            <result property="belong" column="belong" jdbcType="VARCHAR"/>
            <result property="status" column="status" jdbcType="INTEGER"/>
    </resultMap>

    <sql id="Base_Column_List">
        user_id,account,password,
        username,gender,phone,
        email,create_time,update_time,
        type,number,belong,
        status
    </sql>
</mapper>
