<?xml version="1.0" encoding="UTF-8"?>
<!DOCTYPE mapper
        PUBLIC "-//mybatis.org//DTD Mapper 3.0//EN"
        "http://mybatis.org/dtd/mybatis-3-mapper.dtd">
<mapper namespace="com.hwadee.xnfz.mapper.ExperimentMapper">

    <resultMap id="BaseResultMap" type="com.hwadee.xnfz.entity.Experiment">
            <id property="experimentId" column="experiment_id" jdbcType="INTEGER"/>
            <result property="number" column="number" jdbcType="VARCHAR"/>
            <result property="name" column="name" jdbcType="VARCHAR"/>
            <result property="profile" column="profile" jdbcType="VARCHAR"/>
            <result property="classHours" column="class_hours" jdbcType="INTEGER"/>
            <result property="courseNumber" column="course_number" jdbcType="INTEGER"/>
            <result property="intro" column="intro" jdbcType="VARCHAR"/>
            <result property="thumbnail" column="thumbnail" jdbcType="VARCHAR"/>
            <result property="type" column="type" jdbcType="INTEGER"/>
            <result property="createTime" column="create_time" jdbcType="TIMESTAMP"/>
            <result property="updateTime" column="update_time" jdbcType="TIMESTAMP"/>
    </resultMap>

    <sql id="Base_Column_List">
        experiment_id,number,name,
        profile,class_hours,course_number,
        intro,thumbnail,type,
        create_time,update_time
    </sql>
</mapper>
