<?xml version="1.0" encoding="UTF-8"?>
<!DOCTYPE mapper
        PUBLIC "-//mybatis.org//DTD Mapper 3.0//EN"
        "http://mybatis.org/dtd/mybatis-3-mapper.dtd">
<mapper namespace="com.hwadee.xnfz.mapper.MenuMapper">

    <resultMap id="BaseResultMap" type="com.hwadee.xnfz.entity.Menu">
            <id property="menuId" column="menu_id" jdbcType="INTEGER"/>
            <result property="menuNameE" column="menu_name_e" jdbcType="VARCHAR"/>
            <result property="menuNameC" column="menu_name_c" jdbcType="VARCHAR"/>
            <result property="path" column="path" jdbcType="VARCHAR"/>
            <result property="view" column="view" jdbcType="VARCHAR"/>
            <result property="icon" column="icon" jdbcType="VARCHAR"/>
            <result property="parentId" column="parent_id" jdbcType="INTEGER"/>
            <result property="sort" column="sort" jdbcType="INTEGER"/>
            <result property="createTime" column="create_time" jdbcType="TIMESTAMP"/>
            <result property="updateTime" column="update_time" jdbcType="TIMESTAMP"/>
    </resultMap>

    <sql id="Base_Column_List">
        menu_id,menu_name_e,menu_name_c,
        path,view,icon,
        parent_id,sort,create_time,
        update_time
    </sql>
    <select id="listByUserId" resultType="com.hwadee.xnfz.entity.Menu">
        select menu.menu_id,
            menu.menu_name_e,
            menu.menu_name_c,
            menu.path,
            menu.icon,
            menu.parent_id,
            menu.sort,
            menu.create_time,
            menu.update_time
        from user_role,
            role_menu,
            menu
        where menu.menu_id = role_menu.menu_id
            and role_menu.role_id = user_role.role_id
            and user_role.user_id = #{userId}
    </select>
</mapper>
