<?xml version="1.0" encoding="UTF-8"?>
<!DOCTYPE mapper
        PUBLIC "-//mybatis.org//DTD Mapper 3.0//EN"
        "http://mybatis.org/dtd/mybatis-3-mapper.dtd">
<mapper namespace="com.hwadee.xnfz.mapper.ReportMapper">

    <resultMap id="BaseResultMap" type="com.hwadee.xnfz.entity.Report">
            <id property="reportId" column="report_id" jdbcType="INTEGER"/>
            <result property="experimentId" column="experiment_id" jdbcType="INTEGER"/>
            <result property="studentId" column="student_id" jdbcType="INTEGER"/>
            <result property="teacherId" column="teacher_id" jdbcType="INTEGER"/>
            <result property="number" column="number" jdbcType="VARCHAR"/>
            <result property="name" column="name" jdbcType="VARCHAR"/>
            <result property="studentName" column="student_name" jdbcType="VARCHAR"/>
            <result property="teacherName" column="teacher_name" jdbcType="VARCHAR"/>
            <result property="grade" column="grade" jdbcType="DECIMAL"/>
            <result property="scoringOpinions" column="scoring_opinions" jdbcType="VARCHAR"/>
            <result property="status" column="status" jdbcType="INTEGER"/>
            <result property="fileName" column="file_name" jdbcType="VARCHAR"/>
            <result property="path" column="path" jdbcType="VARCHAR"/>
            <result property="createTime" column="create_time" jdbcType="TIMESTAMP"/>
            <result property="updateTime" column="update_time" jdbcType="TIMESTAMP"/>
    </resultMap>

    <sql id="Base_Column_List">
        report_id,experiment_id,student_id,
        teacher_id,number,name,
        student_name,teacher_name,grade,
        scoring_opinions,status,file_name,
        path,create_time,update_time
    </sql>
</mapper>
